File,Technology,Keyword,Count
/export_data.py,Python,and,1
/export_data.py,Python,as,6
/export_data.py,Python,close,1
/export_data.py,Python,def,3
/export_data.py,Python,else,1
/export_data.py,Python,except,4
/export_data.py,Python,finally,1
/export_data.py,Python,for,3
/export_data.py,Python,from,2
/export_data.py,Python,if,5
/export_data.py,Python,import,7
/export_data.py,Python,in,4
/export_data.py,Python,main,2
/export_data.py,Python,return,3
/export_data.py,Python,True,2
/export_data.py,Python,try,3
/export_data.py,Python,with,2
/export_data.py,Python,exists,1
/export_data.py,Python,format,1
/export_data.py,Python,join,2
/export_data.py,Python,schema,1
/export_data.py,Python,size,3
/export_data.py,Python,stat,2
/export_data.py,Python,sum,1
/export_data.py,Python,table,1
/export_data.py,Python,write,10
/12_deployment_setup.sql,SQL,=,17
/12_deployment_setup.sql,SQL,across,1
/12_deployment_setup.sql,SQL,alter sequence,8
/12_deployment_setup.sql,SQL,analyze,3
/12_deployment_setup.sql,SQL,and,3
/12_deployment_setup.sql,SQL,as,8
/12_deployment_setup.sql,SQL,audit,12
/12_deployment_setup.sql,SQL,basic,1
/12_deployment_setup.sql,SQL,batch,1
/12_deployment_setup.sql,SQL,begin,8
/12_deployment_setup.sql,SQL,bigint,14
/12_deployment_setup.sql,SQL,cascade,50
/12_deployment_setup.sql,SQL,case,2
/12_deployment_setup.sql,SQL,complete,1
/12_deployment_setup.sql,SQL,compliance,5
/12_deployment_setup.sql,SQL,count,18
/12_deployment_setup.sql,SQL,create or replace function,8
/12_deployment_setup.sql,SQL,current_database,1
/12_deployment_setup.sql,SQL,current_date,4
/12_deployment_setup.sql,SQL,current_timestamp,6
/12_deployment_setup.sql,SQL,data,2
/12_deployment_setup.sql,SQL,declare,4
/12_deployment_setup.sql,SQL,delete,3
/12_deployment_setup.sql,SQL,else,2
/12_deployment_setup.sql,SQL,end,11
/12_deployment_setup.sql,SQL,execute,1
/12_deployment_setup.sql,SQL,extract,1
/12_deployment_setup.sql,SQL,for,2
/12_deployment_setup.sql,SQL,fresh,1
/12_deployment_setup.sql,SQL,from,22
/12_deployment_setup.sql,SQL,in,7
/12_deployment_setup.sql,SQL,insert,1
/12_deployment_setup.sql,SQL,integer,6
/12_deployment_setup.sql,SQL,integrity,1
/12_deployment_setup.sql,SQL,interval,8
/12_deployment_setup.sql,SQL,into,9
/12_deployment_setup.sql,SQL,key,1
/12_deployment_setup.sql,SQL,language,8
/12_deployment_setup.sql,SQL,loop,2
/12_deployment_setup.sql,SQL,of,1
/12_deployment_setup.sql,SQL,performance,1
/12_deployment_setup.sql,SQL,public,1
/12_deployment_setup.sql,SQL,query,12
/12_deployment_setup.sql,SQL,random,6
/12_deployment_setup.sql,SQL,record,1
/12_deployment_setup.sql,SQL,restart,8
/12_deployment_setup.sql,SQL,return,19
/12_deployment_setup.sql,SQL,returns,9
/12_deployment_setup.sql,SQL,routine,1
/12_deployment_setup.sql,SQL,schema_name,1
/12_deployment_setup.sql,SQL,security,1
/12_deployment_setup.sql,SQL,select,23
/12_deployment_setup.sql,SQL,set,1
/12_deployment_setup.sql,SQL,start,1
/12_deployment_setup.sql,SQL,system,3
/12_deployment_setup.sql,SQL,table,3
/12_deployment_setup.sql,SQL,tables,2
/12_deployment_setup.sql,SQL,text,43
/12_deployment_setup.sql,SQL,the,2
/12_deployment_setup.sql,SQL,then,2
/12_deployment_setup.sql,SQL,timestamp,1
/12_deployment_setup.sql,SQL,to,1
/12_deployment_setup.sql,SQL,true,1
/12_deployment_setup.sql,SQL,truncate table,50
/12_deployment_setup.sql,SQL,values,2
/12_deployment_setup.sql,SQL,version,1
/12_deployment_setup.sql,SQL,views,1
/12_deployment_setup.sql,SQL,when,2
/12_deployment_setup.sql,SQL,where,11
/12_deployment_setup.sql,SQL,with,8
/12_deployment_setup.sql,SQL,||,40
/12_deployment_setup.sql,SQL,*,31
/12_deployment_setup.sql,SQL,+,1
/12_deployment_setup.sql,SQL,-,9
/12_deployment_setup.sql,SQL,/,3
/12_deployment_setup.sql,SQL,<,3
/12_deployment_setup.sql,SQL,>=,1
/12_deployment_setup.sql,SQL,>,2
/14_csv_export_scripts.sql,SQL,=,165
/14_csv_export_scripts.sql,SQL,and,14
/14_csv_export_scripts.sql,SQL,as,8
/14_csv_export_scripts.sql,SQL,audit,1
/14_csv_export_scripts.sql,SQL,begin,4
/14_csv_export_scripts.sql,SQL,bigint,3
/14_csv_export_scripts.sql,SQL,comment on,5
/14_csv_export_scripts.sql,SQL,compliance,1
/14_csv_export_scripts.sql,SQL,create or replace view,1
/14_csv_export_scripts.sql,SQL,create or replace function,4
/14_csv_export_scripts.sql,SQL,current_timestamp,4
/14_csv_export_scripts.sql,SQL,declare,4
/14_csv_export_scripts.sql,SQL,default,1
/14_csv_export_scripts.sql,SQL,end,16
/14_csv_export_scripts.sql,SQL,execute,1
/14_csv_export_scripts.sql,SQL,for,12
/14_csv_export_scripts.sql,SQL,from,17
/14_csv_export_scripts.sql,SQL,function,4
/14_csv_export_scripts.sql,SQL,in,15
/14_csv_export_scripts.sql,SQL,integer,2
/14_csv_export_scripts.sql,SQL,into,2
/14_csv_export_scripts.sql,SQL,is,5
/14_csv_export_scripts.sql,SQL,join,1
/14_csv_export_scripts.sql,SQL,language,4
/14_csv_export_scripts.sql,SQL,loop,24
/14_csv_export_scripts.sql,SQL,next,1
/14_csv_export_scripts.sql,SQL,oid,2
/14_csv_export_scripts.sql,SQL,on,1
/14_csv_export_scripts.sql,SQL,order by,15
/14_csv_export_scripts.sql,SQL,public,1
/14_csv_export_scripts.sql,SQL,record,3
/14_csv_export_scripts.sql,SQL,return,5
/14_csv_export_scripts.sql,SQL,returns,4
/14_csv_export_scripts.sql,SQL,schema_name,9
/14_csv_export_scripts.sql,SQL,select,18
/14_csv_export_scripts.sql,SQL,set,1
/14_csv_export_scripts.sql,SQL,table,1
/14_csv_export_scripts.sql,SQL,tables,13
/14_csv_export_scripts.sql,SQL,text,12
/14_csv_export_scripts.sql,SQL,to,1
/14_csv_export_scripts.sql,SQL,view,1
/14_csv_export_scripts.sql,SQL,where,14
/14_csv_export_scripts.sql,SQL,||,329
/14_csv_export_scripts.sql,SQL,*,3
/14_csv_export_scripts.sql,SQL,+,20
/04_risk_compliance_tables.sql,SQL,bigint,4
/04_risk_compliance_tables.sql,SQL,boolean,21
/04_risk_compliance_tables.sql,SQL,by,25
/04_risk_compliance_tables.sql,SQL,char,8
/04_risk_compliance_tables.sql,SQL,check,1
/04_risk_compliance_tables.sql,SQL,comment on,2
/04_risk_compliance_tables.sql,SQL,compliance,22
/04_risk_compliance_tables.sql,SQL,create table,25
/04_risk_compliance_tables.sql,SQL,current_timestamp,27
/04_risk_compliance_tables.sql,SQL,date,33
/04_risk_compliance_tables.sql,SQL,decimal,36
/04_risk_compliance_tables.sql,SQL,default,64
/04_risk_compliance_tables.sql,SQL,description,12
/04_risk_compliance_tables.sql,SQL,distributed,25
/04_risk_compliance_tables.sql,SQL,false,6
/04_risk_compliance_tables.sql,SQL,in,1
/04_risk_compliance_tables.sql,SQL,integer,51
/04_risk_compliance_tables.sql,SQL,is,2
/04_risk_compliance_tables.sql,SQL,not null,90
/04_risk_compliance_tables.sql,SQL,parameters,1
/04_risk_compliance_tables.sql,SQL,primary key,25
/04_risk_compliance_tables.sql,SQL,public,1
/04_risk_compliance_tables.sql,SQL,references,53
/04_risk_compliance_tables.sql,SQL,schema,2
/04_risk_compliance_tables.sql,SQL,serial,19
/04_risk_compliance_tables.sql,SQL,set,1
/04_risk_compliance_tables.sql,SQL,text,34
/04_risk_compliance_tables.sql,SQL,timestamp,33
/04_risk_compliance_tables.sql,SQL,to,1
/04_risk_compliance_tables.sql,SQL,true,15
/04_risk_compliance_tables.sql,SQL,unique,7
/04_risk_compliance_tables.sql,SQL,varchar,76
/04_risk_compliance_tables.sql,SQL,version,2
/05_loan_credit_tables.sql,SQL,algorithm,1
/05_loan_credit_tables.sql,SQL,bigint,2
/05_loan_credit_tables.sql,SQL,boolean,18
/05_loan_credit_tables.sql,SQL,by,25
/05_loan_credit_tables.sql,SQL,comment on,1
/05_loan_credit_tables.sql,SQL,create table,25
/05_loan_credit_tables.sql,SQL,current_timestamp,27
/05_loan_credit_tables.sql,SQL,date,51
/05_loan_credit_tables.sql,SQL,decimal,96
/05_loan_credit_tables.sql,SQL,default,95
/05_loan_credit_tables.sql,SQL,description,5
/05_loan_credit_tables.sql,SQL,distributed,25
/05_loan_credit_tables.sql,SQL,false,7
/05_loan_credit_tables.sql,SQL,integer,75
/05_loan_credit_tables.sql,SQL,is,1
/05_loan_credit_tables.sql,SQL,not null,96
/05_loan_credit_tables.sql,SQL,operator,1
/05_loan_credit_tables.sql,SQL,primary key,25
/05_loan_credit_tables.sql,SQL,public,1
/05_loan_credit_tables.sql,SQL,references,53
/05_loan_credit_tables.sql,SQL,schema,1
/05_loan_credit_tables.sql,SQL,serial,21
/05_loan_credit_tables.sql,SQL,set,1
/05_loan_credit_tables.sql,SQL,text,20
/05_loan_credit_tables.sql,SQL,timestamp,28
/05_loan_credit_tables.sql,SQL,to,1
/05_loan_credit_tables.sql,SQL,true,11
/05_loan_credit_tables.sql,SQL,type_name,1
/05_loan_credit_tables.sql,SQL,unique,7
/05_loan_credit_tables.sql,SQL,varchar,75
/09_views.sql,SQL,=,74
/09_views.sql,SQL,abs,2
/09_views.sql,SQL,and,12
/09_views.sql,SQL,as,150
/09_views.sql,SQL,asc,1
/09_views.sql,SQL,at,7
/09_views.sql,SQL,audit,2
/09_views.sql,SQL,avg,23
/09_views.sql,SQL,between,3
/09_views.sql,SQL,case,38
/09_views.sql,SQL,category,2
/09_views.sql,SQL,comment on,9
/09_views.sql,SQL,compliance,13
/09_views.sql,SQL,count,59
/09_views.sql,SQL,create or replace view,20
/09_views.sql,SQL,ct,4
/09_views.sql,SQL,current_date,16
/09_views.sql,SQL,days,1
/09_views.sql,SQL,decimal,8
/09_views.sql,SQL,desc,23
/09_views.sql,SQL,distinct,11
/09_views.sql,SQL,else,10
/09_views.sql,SQL,end,38
/09_views.sql,SQL,extract,2
/09_views.sql,SQL,from,33
/09_views.sql,SQL,group by,15
/09_views.sql,SQL,in,1
/09_views.sql,SQL,interval,13
/09_views.sql,SQL,is not null,4
/09_views.sql,SQL,is null,1
/09_views.sql,SQL,is,9
/09_views.sql,SQL,join,36
/09_views.sql,SQL,left,16
/09_views.sql,SQL,like,1
/09_views.sql,SQL,max,7
/09_views.sql,SQL,min,3
/09_views.sql,SQL,not in,1
/09_views.sql,SQL,null,2
/09_views.sql,SQL,nullif,8
/09_views.sql,SQL,on,36
/09_views.sql,SQL,order by,17
/09_views.sql,SQL,public,1
/09_views.sql,SQL,round,8
/09_views.sql,SQL,segment,2
/09_views.sql,SQL,select,33
/09_views.sql,SQL,set,1
/09_views.sql,SQL,stddev,1
/09_views.sql,SQL,sum,21
/09_views.sql,SQL,then,47
/09_views.sql,SQL,to,1
/09_views.sql,SQL,true,7
/09_views.sql,SQL,type_name,9
/09_views.sql,SQL,union all,1
/09_views.sql,SQL,view,9
/09_views.sql,SQL,when,47
/09_views.sql,SQL,where,27
/09_views.sql,SQL,year,1
/09_views.sql,SQL,||,8
/09_views.sql,SQL,!=,5
/09_views.sql,SQL,*,25
/09_views.sql,SQL,-,17
/09_views.sql,SQL,/,10
/09_views.sql,SQL,<,4
/09_views.sql,SQL,>=,17
/09_views.sql,SQL,>,7
/11_sample_data.sql,SQL,audit,1
/11_sample_data.sql,SQL,category,1
/11_sample_data.sql,SQL,comment on,7
/11_sample_data.sql,SQL,compliance,4
/11_sample_data.sql,SQL,current_date,7
/11_sample_data.sql,SQL,description,15
/11_sample_data.sql,SQL,false,43
/11_sample_data.sql,SQL,insert,38
/11_sample_data.sql,SQL,into,38
/11_sample_data.sql,SQL,is,7
/11_sample_data.sql,SQL,null,14
/11_sample_data.sql,SQL,position,1
/11_sample_data.sql,SQL,public,1
/11_sample_data.sql,SQL,set,1
/11_sample_data.sql,SQL,table,7
/11_sample_data.sql,SQL,timezone,1
/11_sample_data.sql,SQL,to,1
/11_sample_data.sql,SQL,true,81
/11_sample_data.sql,SQL,type_name,4
/11_sample_data.sql,SQL,values,38
/11_sample_data.sql,SQL,volume,1
/11_sample_data.sql,SQL,-,3
/07_remaining_tables.sql,SQL,as,2
/07_remaining_tables.sql,SQL,audit,3
/07_remaining_tables.sql,SQL,bigint,6
/07_remaining_tables.sql,SQL,boolean,24
/07_remaining_tables.sql,SQL,by,35
/07_remaining_tables.sql,SQL,char,8
/07_remaining_tables.sql,SQL,check,1
/07_remaining_tables.sql,SQL,comment on,1
/07_remaining_tables.sql,SQL,compliance,3
/07_remaining_tables.sql,SQL,count,1
/07_remaining_tables.sql,SQL,create or replace view,1
/07_remaining_tables.sql,SQL,create table,35
/07_remaining_tables.sql,SQL,current_timestamp,39
/07_remaining_tables.sql,SQL,date,42
/07_remaining_tables.sql,SQL,decimal,157
/07_remaining_tables.sql,SQL,default,99
/07_remaining_tables.sql,SQL,description,4
/07_remaining_tables.sql,SQL,distributed,35
/07_remaining_tables.sql,SQL,false,15
/07_remaining_tables.sql,SQL,from,1
/07_remaining_tables.sql,SQL,group by,1
/07_remaining_tables.sql,SQL,in,2
/07_remaining_tables.sql,SQL,integer,70
/07_remaining_tables.sql,SQL,is,1
/07_remaining_tables.sql,SQL,nav,2
/07_remaining_tables.sql,SQL,not null,116
/07_remaining_tables.sql,SQL,order by,1
/07_remaining_tables.sql,SQL,parameters,1
/07_remaining_tables.sql,SQL,primary key,35
/07_remaining_tables.sql,SQL,priority,1
/07_remaining_tables.sql,SQL,public,1
/07_remaining_tables.sql,SQL,references,52
/07_remaining_tables.sql,SQL,select,1
/07_remaining_tables.sql,SQL,serial,31
/07_remaining_tables.sql,SQL,set,1
/07_remaining_tables.sql,SQL,text,23
/07_remaining_tables.sql,SQL,timestamp,41
/07_remaining_tables.sql,SQL,to,1
/07_remaining_tables.sql,SQL,true,9
/07_remaining_tables.sql,SQL,unique,10
/07_remaining_tables.sql,SQL,user_id,1
/07_remaining_tables.sql,SQL,varchar,111
/07_remaining_tables.sql,SQL,version,1
/07_remaining_tables.sql,SQL,view,1
/07_remaining_tables.sql,SQL,where,1
/07_remaining_tables.sql,SQL,*,1
/13_generate_bulk_data.sql,SQL,=,13
/13_generate_bulk_data.sql,SQL,analyze,1
/13_generate_bulk_data.sql,SQL,and,3
/13_generate_bulk_data.sql,SQL,array,20
/13_generate_bulk_data.sql,SQL,as,33
/13_generate_bulk_data.sql,SQL,audit,1
/13_generate_bulk_data.sql,SQL,begin,5
/13_generate_bulk_data.sql,SQL,bigint,1
/13_generate_bulk_data.sql,SQL,case,26
/13_generate_bulk_data.sql,SQL,comment on,1
/13_generate_bulk_data.sql,SQL,compliance,4
/13_generate_bulk_data.sql,SQL,count,7
/13_generate_bulk_data.sql,SQL,create or replace function,5
/13_generate_bulk_data.sql,SQL,cross join,17
/13_generate_bulk_data.sql,SQL,current_date,22
/13_generate_bulk_data.sql,SQL,date,17
/13_generate_bulk_data.sql,SQL,decimal,35
/13_generate_bulk_data.sql,SQL,declare,3
/13_generate_bulk_data.sql,SQL,description,2
/13_generate_bulk_data.sql,SQL,drop function if exists,5
/13_generate_bulk_data.sql,SQL,else,26
/13_generate_bulk_data.sql,SQL,end,31
/13_generate_bulk_data.sql,SQL,extract,5
/13_generate_bulk_data.sql,SQL,floor,68
/13_generate_bulk_data.sql,SQL,from,42
/13_generate_bulk_data.sql,SQL,insert,19
/13_generate_bulk_data.sql,SQL,integer,27
/13_generate_bulk_data.sql,SQL,interval,30
/13_generate_bulk_data.sql,SQL,into,19
/13_generate_bulk_data.sql,SQL,is,1
/13_generate_bulk_data.sql,SQL,join,2
/13_generate_bulk_data.sql,SQL,language,5
/13_generate_bulk_data.sql,SQL,limit,10
/13_generate_bulk_data.sql,SQL,lower,1
/13_generate_bulk_data.sql,SQL,lpad,8
/13_generate_bulk_data.sql,SQL,null,6
/13_generate_bulk_data.sql,SQL,on,2
/13_generate_bulk_data.sql,SQL,order by,9
/13_generate_bulk_data.sql,SQL,power,2
/13_generate_bulk_data.sql,SQL,public,1
/13_generate_bulk_data.sql,SQL,random,163
/13_generate_bulk_data.sql,SQL,return,5
/13_generate_bulk_data.sql,SQL,returns,5
/13_generate_bulk_data.sql,SQL,script,1
/13_generate_bulk_data.sql,SQL,segment,1
/13_generate_bulk_data.sql,SQL,select,38
/13_generate_bulk_data.sql,SQL,set,5
/13_generate_bulk_data.sql,SQL,text,40
/13_generate_bulk_data.sql,SQL,then,33
/13_generate_bulk_data.sql,SQL,timestamp,3
/13_generate_bulk_data.sql,SQL,to,1
/13_generate_bulk_data.sql,SQL,true,1
/13_generate_bulk_data.sql,SQL,union all,1
/13_generate_bulk_data.sql,SQL,update,4
/13_generate_bulk_data.sql,SQL,values,3
/13_generate_bulk_data.sql,SQL,varchar,9
/13_generate_bulk_data.sql,SQL,when,33
/13_generate_bulk_data.sql,SQL,where,16
/13_generate_bulk_data.sql,SQL,year,5
/13_generate_bulk_data.sql,SQL,||,45
/13_generate_bulk_data.sql,SQL,*,135
/13_generate_bulk_data.sql,SQL,+,109
/13_generate_bulk_data.sql,SQL,-,22
/13_generate_bulk_data.sql,SQL,/,4
/13_generate_bulk_data.sql,SQL,<=,5
/13_generate_bulk_data.sql,SQL,<,35
/13_generate_bulk_data.sql,SQL,>,9
/08_stored_procedures.sql,SQL,=,104
/08_stored_procedures.sql,SQL,and,18
/08_stored_procedures.sql,SQL,as,12
/08_stored_procedures.sql,SQL,at,6
/08_stored_procedures.sql,SQL,audit,1
/08_stored_procedures.sql,SQL,avg,1
/08_stored_procedures.sql,SQL,begin,12
/08_stored_procedures.sql,SQL,between,2
/08_stored_procedures.sql,SQL,bigint,13
/08_stored_procedures.sql,SQL,boolean,1
/08_stored_procedures.sql,SQL,case,4
/08_stored_procedures.sql,SQL,char,1
/08_stored_procedures.sql,SQL,coalesce,5
/08_stored_procedures.sql,SQL,comment on,12
/08_stored_procedures.sql,SQL,compliance,1
/08_stored_procedures.sql,SQL,create or replace function,12
/08_stored_procedures.sql,SQL,current_date,16
/08_stored_procedures.sql,SQL,current_timestamp,9
/08_stored_procedures.sql,SQL,date,7
/08_stored_procedures.sql,SQL,decimal,51
/08_stored_procedures.sql,SQL,declare,12
/08_stored_procedures.sql,SQL,default,10
/08_stored_procedures.sql,SQL,description,4
/08_stored_procedures.sql,SQL,diagnostics,2
/08_stored_procedures.sql,SQL,else,7
/08_stored_procedures.sql,SQL,end,35
/08_stored_procedures.sql,SQL,exception,12
/08_stored_procedures.sql,SQL,exists,6
/08_stored_procedures.sql,SQL,extract,4
/08_stored_procedures.sql,SQL,false,1
/08_stored_procedures.sql,SQL,for,1
/08_stored_procedures.sql,SQL,found,3
/08_stored_procedures.sql,SQL,from,28
/08_stored_procedures.sql,SQL,function,12
/08_stored_procedures.sql,SQL,get,2
/08_stored_procedures.sql,SQL,if,36
/08_stored_procedures.sql,SQL,in,3
/08_stored_procedures.sql,SQL,insert,15
/08_stored_procedures.sql,SQL,integer,38
/08_stored_procedures.sql,SQL,interval,4
/08_stored_procedures.sql,SQL,into,44
/08_stored_procedures.sql,SQL,is not null,2
/08_stored_procedures.sql,SQL,is null,1
/08_stored_procedures.sql,SQL,is,12
/08_stored_procedures.sql,SQL,join,5
/08_stored_procedures.sql,SQL,language,12
/08_stored_procedures.sql,SQL,least,1
/08_stored_procedures.sql,SQL,left,1
/08_stored_procedures.sql,SQL,loop,2
/08_stored_procedures.sql,SQL,lpad,6
/08_stored_procedures.sql,SQL,next,1
/08_stored_procedures.sql,SQL,nextval,6
/08_stored_procedures.sql,SQL,not,9
/08_stored_procedures.sql,SQL,null,4
/08_stored_procedures.sql,SQL,on,5
/08_stored_procedures.sql,SQL,or,2
/08_stored_procedures.sql,SQL,power,2
/08_stored_procedures.sql,SQL,public,1
/08_stored_procedures.sql,SQL,raise,12
/08_stored_procedures.sql,SQL,return,13
/08_stored_procedures.sql,SQL,returning,9
/08_stored_procedures.sql,SQL,returns,12
/08_stored_procedures.sql,SQL,select,31
/08_stored_procedures.sql,SQL,set,6
/08_stored_procedures.sql,SQL,sqrt,1
/08_stored_procedures.sql,SQL,sum,3
/08_stored_procedures.sql,SQL,table,1
/08_stored_procedures.sql,SQL,text,17
/08_stored_procedures.sql,SQL,then,23
/08_stored_procedures.sql,SQL,to,1
/08_stored_procedures.sql,SQL,true,7
/08_stored_procedures.sql,SQL,update,5
/08_stored_procedures.sql,SQL,values,13
/08_stored_procedures.sql,SQL,varchar,17
/08_stored_procedures.sql,SQL,when,5
/08_stored_procedures.sql,SQL,where,29
/08_stored_procedures.sql,SQL,year,4
/08_stored_procedures.sql,SQL,||,20
/08_stored_procedures.sql,SQL,*,17
/08_stored_procedures.sql,SQL,+,13
/08_stored_procedures.sql,SQL,-,19
/08_stored_procedures.sql,SQL,/,10
/08_stored_procedures.sql,SQL,<,3
/08_stored_procedures.sql,SQL,>,7
/export_data.sh,Shell,SELECT,3
/export_data.sh,Shell,if,7
/export_data.sh,Shell,while,3
/export_data.sh,Shell,for,1
/03_trading_tables.sql,SQL,bigint,5
/03_trading_tables.sql,SQL,boolean,20
/03_trading_tables.sql,SQL,by,25
/03_trading_tables.sql,SQL,char,8
/03_trading_tables.sql,SQL,check,3
/03_trading_tables.sql,SQL,comment on,1
/03_trading_tables.sql,SQL,create table,25
/03_trading_tables.sql,SQL,current_timestamp,27
/03_trading_tables.sql,SQL,date,21
/03_trading_tables.sql,SQL,decimal,60
/03_trading_tables.sql,SQL,default,75
/03_trading_tables.sql,SQL,description,7
/03_trading_tables.sql,SQL,distributed,25
/03_trading_tables.sql,SQL,false,8
/03_trading_tables.sql,SQL,in,3
/03_trading_tables.sql,SQL,integer,42
/03_trading_tables.sql,SQL,is,1
/03_trading_tables.sql,SQL,not null,58
/03_trading_tables.sql,SQL,primary key,25
/03_trading_tables.sql,SQL,public,1
/03_trading_tables.sql,SQL,references,47
/03_trading_tables.sql,SQL,schema,1
/03_trading_tables.sql,SQL,serial,19
/03_trading_tables.sql,SQL,set,1
/03_trading_tables.sql,SQL,summary,1
/03_trading_tables.sql,SQL,text,12
/03_trading_tables.sql,SQL,timestamp,31
/03_trading_tables.sql,SQL,timezone,1
/03_trading_tables.sql,SQL,to,1
/03_trading_tables.sql,SQL,true,12
/03_trading_tables.sql,SQL,type_name,3
/03_trading_tables.sql,SQL,unique,17
/03_trading_tables.sql,SQL,varchar,57
/03_trading_tables.sql,SQL,volume,2
/deploy.sh,Shell,SELECT,5
/deploy.sh,Shell,DROP,1
/deploy.sh,Shell,if,18
/deploy.sh,Shell,while,1
/deploy.sh,Shell,for,3
/10_indexes_constraints.sql,SQL,=,7
/10_indexes_constraints.sql,SQL,add,20
/10_indexes_constraints.sql,SQL,after,3
/10_indexes_constraints.sql,SQL,alter table,20
/10_indexes_constraints.sql,SQL,and,7
/10_indexes_constraints.sql,SQL,as,1
/10_indexes_constraints.sql,SQL,audit,19
/10_indexes_constraints.sql,SQL,begin,1
/10_indexes_constraints.sql,SQL,cascade,1
/10_indexes_constraints.sql,SQL,category,1
/10_indexes_constraints.sql,SQL,check,7
/10_indexes_constraints.sql,SQL,comment on,6
/10_indexes_constraints.sql,SQL,compliance,27
/10_indexes_constraints.sql,SQL,constraint,20
/10_indexes_constraints.sql,SQL,create or replace function,1
/10_indexes_constraints.sql,SQL,create trigger,3
/10_indexes_constraints.sql,SQL,create index,198
/10_indexes_constraints.sql,SQL,current_date,2
/10_indexes_constraints.sql,SQL,current_timestamp,3
/10_indexes_constraints.sql,SQL,delete,4
/10_indexes_constraints.sql,SQL,desc,24
/10_indexes_constraints.sql,SQL,description,1
/10_indexes_constraints.sql,SQL,each,3
/10_indexes_constraints.sql,SQL,elsif,2
/10_indexes_constraints.sql,SQL,end,2
/10_indexes_constraints.sql,SQL,execute,3
/10_indexes_constraints.sql,SQL,extract,2
/10_indexes_constraints.sql,SQL,for,3
/10_indexes_constraints.sql,SQL,foreign,8
/10_indexes_constraints.sql,SQL,from,2
/10_indexes_constraints.sql,SQL,function,3
/10_indexes_constraints.sql,SQL,if,2
/10_indexes_constraints.sql,SQL,index,6
/10_indexes_constraints.sql,SQL,insert,6
/10_indexes_constraints.sql,SQL,interval,2
/10_indexes_constraints.sql,SQL,into,3
/10_indexes_constraints.sql,SQL,is,6
/10_indexes_constraints.sql,SQL,key,8
/10_indexes_constraints.sql,SQL,language,1
/10_indexes_constraints.sql,SQL,lower,1
/10_indexes_constraints.sql,SQL,module,1
/10_indexes_constraints.sql,SQL,month,1
/10_indexes_constraints.sql,SQL,new,6
/10_indexes_constraints.sql,SQL,null,1
/10_indexes_constraints.sql,SQL,old,4
/10_indexes_constraints.sql,SQL,on,202
/10_indexes_constraints.sql,SQL,or,6
/10_indexes_constraints.sql,SQL,public,1
/10_indexes_constraints.sql,SQL,references,8
/10_indexes_constraints.sql,SQL,return,4
/10_indexes_constraints.sql,SQL,returns,1
/10_indexes_constraints.sql,SQL,row,3
/10_indexes_constraints.sql,SQL,segment,1
/10_indexes_constraints.sql,SQL,set,1
/10_indexes_constraints.sql,SQL,then,3
/10_indexes_constraints.sql,SQL,to,1
/10_indexes_constraints.sql,SQL,trigger,1
/10_indexes_constraints.sql,SQL,unique,5
/10_indexes_constraints.sql,SQL,update,3
/10_indexes_constraints.sql,SQL,user_id,2
/10_indexes_constraints.sql,SQL,using,2
/10_indexes_constraints.sql,SQL,values,3
/10_indexes_constraints.sql,SQL,where,5
/10_indexes_constraints.sql,SQL,year,1
/10_indexes_constraints.sql,SQL,||,2
/10_indexes_constraints.sql,SQL,!=,2
/10_indexes_constraints.sql,SQL,-,3
/10_indexes_constraints.sql,SQL,<=,1
/10_indexes_constraints.sql,SQL,>=,7
/10_indexes_constraints.sql,SQL,>,5
/02_core_tables.sql,SQL,bigint,2
/02_core_tables.sql,SQL,boolean,23
/02_core_tables.sql,SQL,by,25
/02_core_tables.sql,SQL,char,9
/02_core_tables.sql,SQL,check,3
/02_core_tables.sql,SQL,comment on,1
/02_core_tables.sql,SQL,create table,25
/02_core_tables.sql,SQL,current_timestamp,28
/02_core_tables.sql,SQL,date,14
/02_core_tables.sql,SQL,decimal,25
/02_core_tables.sql,SQL,default,73
/02_core_tables.sql,SQL,description,11
/02_core_tables.sql,SQL,distributed,25
/02_core_tables.sql,SQL,false,5
/02_core_tables.sql,SQL,in,3
/02_core_tables.sql,SQL,integer,34
/02_core_tables.sql,SQL,is,1
/02_core_tables.sql,SQL,level,1
/02_core_tables.sql,SQL,location,1
/02_core_tables.sql,SQL,not null,45
/02_core_tables.sql,SQL,position,1
/02_core_tables.sql,SQL,primary key,25
/02_core_tables.sql,SQL,public,1
/02_core_tables.sql,SQL,references,33
/02_core_tables.sql,SQL,schema,1
/02_core_tables.sql,SQL,serial,20
/02_core_tables.sql,SQL,set,1
/02_core_tables.sql,SQL,text,14
/02_core_tables.sql,SQL,timestamp,30
/02_core_tables.sql,SQL,to,1
/02_core_tables.sql,SQL,true,16
/02_core_tables.sql,SQL,type_name,3
/02_core_tables.sql,SQL,unique,18
/02_core_tables.sql,SQL,varchar,69
/01_create_database.sql,SQL,audit,2
/01_create_database.sql,SQL,comment on,1
/01_create_database.sql,SQL,compliance,2
/01_create_database.sql,SQL,create schema if not exists,10
/01_create_database.sql,SQL,create extension if not exists,2
/01_create_database.sql,SQL,create database,1
/01_create_database.sql,SQL,database,1
/01_create_database.sql,SQL,drop database if exists,1
/01_create_database.sql,SQL,is,1
/01_create_database.sql,SQL,public,1
/01_create_database.sql,SQL,set,1
/01_create_database.sql,SQL,to,1
/06_analytics_payment_tables.sql,SQL,audit,5
/06_analytics_payment_tables.sql,SQL,bigint,5
/06_analytics_payment_tables.sql,SQL,boolean,27
/06_analytics_payment_tables.sql,SQL,by,30
/06_analytics_payment_tables.sql,SQL,category,1
/06_analytics_payment_tables.sql,SQL,char,4
/06_analytics_payment_tables.sql,SQL,comment on,5
/06_analytics_payment_tables.sql,SQL,content,1
/06_analytics_payment_tables.sql,SQL,create table,30
/06_analytics_payment_tables.sql,SQL,current_timestamp,32
/06_analytics_payment_tables.sql,SQL,date,25
/06_analytics_payment_tables.sql,SQL,decimal,75
/06_analytics_payment_tables.sql,SQL,default,74
/06_analytics_payment_tables.sql,SQL,description,5
/06_analytics_payment_tables.sql,SQL,distributed,30
/06_analytics_payment_tables.sql,SQL,error_message,3
/06_analytics_payment_tables.sql,SQL,false,13
/06_analytics_payment_tables.sql,SQL,integer,52
/06_analytics_payment_tables.sql,SQL,is,5
/06_analytics_payment_tables.sql,SQL,module,1
/06_analytics_payment_tables.sql,SQL,not null,86
/06_analytics_payment_tables.sql,SQL,parameters,1
/06_analytics_payment_tables.sql,SQL,primary key,30
/06_analytics_payment_tables.sql,SQL,priority,1
/06_analytics_payment_tables.sql,SQL,public,1
/06_analytics_payment_tables.sql,SQL,references,43
/06_analytics_payment_tables.sql,SQL,schema,5
/06_analytics_payment_tables.sql,SQL,segment,1
/06_analytics_payment_tables.sql,SQL,serial,14
/06_analytics_payment_tables.sql,SQL,set,1
/06_analytics_payment_tables.sql,SQL,text,33
/06_analytics_payment_tables.sql,SQL,timestamp,47
/06_analytics_payment_tables.sql,SQL,title,1
/06_analytics_payment_tables.sql,SQL,to,1
/06_analytics_payment_tables.sql,SQL,true,11
/06_analytics_payment_tables.sql,SQL,type_name,1
/06_analytics_payment_tables.sql,SQL,unique,16
/06_analytics_payment_tables.sql,SQL,user_id,3
/06_analytics_payment_tables.sql,SQL,varchar,104
